ingred_id,item_name,ing_weight,ing_meas,ing_price
206376116-7,Chocolate,2839,Koruna,98
949071762-2,Wine,1256,Peso,9
598974554-0,Peas ,2853,Euro,75
985971914-4,Buttons,4617,Yuan Renminbi,24
235862172-2,Onions - Pearl,2089,Yuan Renminbi,91
863046136-5,Toothpick Frilled,2650,Litas,1
100816457-7,Bread - Bistro Sour,2956,Rupiah,34
746058263-8,Kellogs Special K Cereal,4827,Yuan Renminbi,14
754220299-5,Juice - Tomato 10 Oz,2978,Yuan Renminbi,80
788348489-3,Shopper Bag - S - 4,1374,Cedi,43
926112470-4,Dry Ice,2140,Peso,9
733413041-3,Longos - Greek Salad,2642,Dinar,11
434979081-0,Pear - Prickly,1396,Tenge,45
477209576-4,Nantucket - 518ml,4069,Yen,34
336284177-5,Bread - Roll Italian,2910,Real,36
503589687-0,Pepsi - 600ml,2310,Dollar,9
437941422-1,Quail - Eggs Fresh,1826,Peso,62
144375364-5,Beer - Tetleys,3842,Yuan Renminbi,82
239112894-0,Plasticforkblack,2152,Afghani,45
981858394-9,Carbonated Water - Blackberry,2941,Dollar,32
601454230-2,Stock - Chicken White,1727,Euro,52
816262255-1,Star Anise Whole,2274,Yuan Renminbi,81
289013845-3,Bread - Bistro White,2309,Yuan Renminbi,67
675082537-0,Water - Tonic,2777,Ruble,45
905034459-3,General Purpose Trigger,1591,Euro,64
320884568-5,Soup - Campbells Chix Gumbo,4866,Yuan Renminbi,51
184663202-1,Beef - Tenderloin - Aa,4491,Zloty,95
697991653-X,Extract - Rum,1245,Krone,15
592622948-0,Oil - Coconut,3713,Yuan Renminbi,65
012791751-9,Cassis,1233,Rupiah,16
951664978-5,Squid - Tubes / Tenticles 10/20,4468,Rupiah,89
634180280-3,Tamarind Paste,2116,Ringgit,13
004478932-7,Nut - Pecan Pieces,2893,Ruble,41
210578951-X,Lamb - Rack,4240,Yuan Renminbi,20
513562045-1,Cookie - Oatmeal,4403,Real,99
523247184-8,Yogurt - Cherry 175 Gr,1020,Ruble,41
126326183-3,Table Cloth 144x90 White,1910,Yuan Renminbi,84
387572386-4,Snails - Large Canned,4730,Naira,10
763797809-5,Bagelers,4932,Zloty,45
730113947-0,Ginger - Ground,4221,Yuan Renminbi,88
830066632-X,Pepper - Jalapeno,1946,Rupiah,41
581196554-0,Wine - Niagara Peninsula Vqa,4524,Peso,33
100686621-3,Sage Derby,2837,Peso,6
713040590-2,Table Cloth 81x81 White,1625,Dollar,65
000670144-2,Sponge Cake Mix - Vanilla,1782,Dram,17
899237553-0,Tea - Grapefruit Green Tea,4910,Peso,99
484181782-4,Dragon Fruit,3377,Yen,55
444350521-0,Shrimp - 16/20 Iqf Shell On,1730,Euro,71
606400728-1,Chinese Foods - Chicken,2408,Peso,80
549328298-4,Yogurt - Plain,4421,Real,67
035779638-1,Tomatoes - Roma,3440,Yen,31
685132438-5,Tequila Rose Cream Liquor,2280,Hryvnia,56
185875096-2,Table Cloth 72x144 White,3412,Rupiah,60
440824617-4,Ham - Proscuitto,1107,Peso,96
565327100-4,Jolt Cola - Electric Blue,3579,Peso,11
319292117-X,Chocolate - Semi Sweet,3445,Shilling,49
184477618-2,Veal - Sweetbread,3485,Real,1
327323790-2,Chilli Paste Hot Sambal Oelek,1562,Dollar,92
100489464-3,Scallops - 10/20,2105,Tenge,37
839827570-7,Shrimp - 31/40,4161,Real,21
265312736-9,Cheese - Mascarpone,3236,Dinar,94
390107446-5,Cookies - Englishbay Oatmeal,1692,Rupiah,11
188505006-2,Bar - Sweet And Salty Chocolate,1571,Dinar,79
821344148-6,Bread - Roll Soft White Round,4971,Yuan Renminbi,48
042067308-3,Bag - Bread White Plain,2510,Dollar,87
666006730-2,Mousse - Passion Fruit,3311,Yuan Renminbi,4
110239370-3,Orange - Canned Mandarin,4966,Rupiah,33
022932177-1,Water Tap,1566,Rupiah,31
130810635-1,Steam Pan Full Lid,4970,Rupee,56
478791121-X,Juice - Lagoon Mango,3370,Peso,33
595832219-2,Turkey - Whole Fresh,2062,Rupiah,38
414975992-8,Beer - Sleeman Fine Porter,4146,Euro,25
230398883-7,Lambcasing,3577,Ruble,48
276111209-1,Lidsoupcont Rp12dn,2256,Yuan Renminbi,12
569285831-2,Wine - Masi Valpolocell,1614,Yuan Renminbi,58
508171679-0,Wine - White Pelee Island,2749,Yuan Renminbi,84
183518209-7,Wood Chips - Regular,3470,Bolivar,71
603625616-7,Mustard - Dijon,3439,Yuan Renminbi,26
990124352-1,Bread - English Muffin,1136,Peso,42
104177593-8,Turkey - Breast Smoked,3262,Dram,98
088603370-5,Cornflakes,4946,Ruble,63
866695618-6,Broom And Brush Rack Black,2490,Rupiah,20
645662647-1,Bread - Raisin Walnut Oval,3988,Ruble,28
046494253-5,Bagel - Ched Chs Presliced,3305,Euro,32
267877447-3,Bread - Frozen Basket Variety,2316,Afghani,62
910995486-4,Pizza Pizza Dough,1219,Rupiah,12
527282330-3,Longos - Burritos,2811,Yuan Renminbi,67
579154398-0,Lamb - Shoulder Boneless,2340,Euro,30
966198371-2,Spice - Greek 1 Step,3818,Dinar,15
144092236-5,Scallops - 20/30,1816,Krona,21
088459314-2,Wine - Taylors Reserve,4086,Real,92
582767353-6,Pasta - Shells Medium Dry,2430,Kyat,97
848431177-5,Beer - Molson Excel,1508,Yuan Renminbi,35
140296021-2,Peach - Halves,2021,Hryvnia,6
592582078-9,Bread - Multigrain,2636,Tenge,6
408585798-3,Ice Cream Bar - Oreo Cone,1875,Rial,14
126043811-2,Island Oasis - Lemonade,1602,Krona,85
770032380-1,Chips - Potato Jalapeno,3223,Yuan Renminbi,93
516144236-0,Mcgillicuddy Vanilla Schnap,1526,Ruble,63
532987403-3,Pastry - Banana Muffin - Mini,4326,Dirham,55
102990675-0,Ketchup - Tomato,1892,Euro,25
593220919-4,Wine - Ej Gallo Sonoma,4407,Ruble,27
577709461-9,Tomatoes Tear Drop,3710,Rupiah,30
346217441-X,Wine - Jackson Triggs Okonagan,4770,Peso,30
969945603-5,Soup - Knorr Ministrone,3597,Naira,80
262583656-3,Juice - Apple 284ml,4310,Real,52
565920720-0,Creme De Menth - White,2660,Shilling,87
517249210-0,Flour - Cake,2995,Kuna,55
551350790-0,Filter - Coffee,3771,Tenge,97
617887847-8,Flour - Cake,4036,Shilling,63
572024415-8,Trout - Rainbow Fresh,1792,Peso,9
448004752-2,Carbonated Water - White Grape,2665,Yuan Renminbi,74
558307220-2,Cake - French Pear Tart,2150,Balboa,37
132020027-3,Octopus,4768,Lev,47
498117948-0,Sauce - Rosee,2553,Yuan Renminbi,44
409711613-4,Cup - Paper 10oz 92959,1886,Franc,38
118197099-7,Island Oasis - Mango Daiquiri,1946,Euro,85
719200060-4,Cheese - Camembert,1374,Krona,1
428490361-6,Bread - Multigrain Oval,3257,Real,10
342177739-X,Mushroom - Chanterelle Dry,1154,Yuan Renminbi,16
094810693-X,Skirt - 24 Foot,1552,Rupiah,54
661218642-9,Milk - Skim,1438,Yuan Renminbi,85
712101428-9,Beef - Eye Of Round,3344,Real,35
606884748-9,Pate Pans Yellow,2994,Dollar,18
407679882-1,Rice Wine - Aji Mirin,2982,Afghani,95
205130171-9,Carbonated Water - Wildberry,2412,Dinar,51
818737231-1,Curry Powder Madras,3820,Yen,95
737055351-5,Veal - Liver,2488,Yuan Renminbi,25
051719823-1,Soup - Campbells,3974,Peso,12
239065370-7,Table Cloth 90x90 Colour,1122,Yuan Renminbi,98
317616488-2,Sprouts - Onion,4714,Euro,100
299776572-2,Chicken - Leg / Back Attach,4214,Rupiah,52
153778007-7,Lemon Balm - Fresh,3375,Peso,84
148164305-3,Syrup - Monin - Passion Fruit,1412,Taka,54
278154955-X,Veal - Brisket Provimi Bone - In,2620,Yuan Renminbi,83
065482576-9,Chutney Sauce,3674,Euro,74
644284545-1,Cookie Dough - Double,2712,Peso,35
841298167-7,Raisin - Dark,3048,Krona,97
033152356-6,Napkin White,1861,Yuan Renminbi,37
608311328-8,Tarragon - Fresh,1580,Peso,61
740740817-3,Dikon,2007,Rupee,9
605103390-4,Mushroom - Crimini,2733,Euro,48
670236563-2,Ham - Procutinni,4608,Peso,95
326644793-X,Oil - Truffle Black,3703,Yuan Renminbi,26
521415515-8,Coffee Cup 8oz 5338cd,1219,Lev,97
157975867-3,Wine - Redchard Merritt,4675,Peso,6
480206519-1,Hersey Shakes,2498,Real,84
283828972-1,Cheese - Provolone,2568,Rupiah,20
749363313-4,Chinese Foods - Pepper Beef,2188,Taka,28
154355816-X,Fruit Mix - Light,2337,Euro,56
120326741-X,Nori Sea Weed,2740,Yuan Renminbi,29
685588621-3,Chocolate - Milk,2430,Rupiah,58
267907213-8,Cookie Dough - Double,2503,Zloty,69
054365819-8,Salt - Table,2690,Euro,68
778161850-5,Muffin Hinge 117n,3082,Peso,6
997389677-7,Oneshot Automatic Soap System,3801,Rupiah,8
657232211-4,Apple - Fuji,4145,Euro,23
284940312-1,Quinoa,3294,Yuan Renminbi,35
735598305-9,Cookies - Englishbay Wht,1562,Peso,3
270014432-5,Beef - Tenderlion Center Cut,4139,Euro,5
238471612-3,Pasta - Spaghetti Dry,3500,Peso,34
978219071-3,Melon - Watermelon Yellow,1387,Dirham,66
659951486-3,Nougat - Paste / Cream,1936,Baht,99
211166864-8,Nantucket - Kiwi Berry Cktl.,2388,Zloty,12
449704907-8,Soup - Campbells Spinach Crm,4073,Yuan Renminbi,14
372266515-9,Pasta - Fusili Dry,2393,Peso,63
455135010-9,Apricots - Dried,2544,Euro,36
425050540-5,Cup - Paper 10oz 92959,3767,Rupee,57
192662076-3,Magnotta - Bel Paese White,1147,Yen,53
490153137-9,Appetizer - Southwestern,2511,Sol,21
685272893-5,Flour - Chickpea,4623,Ruble,64
353597695-2,7up Diet 355 Ml,2286,Peso,64
774266835-1,Hot Chocolate - Individual,3137,Rupiah,16
993221535-X,Squash - Pattypan Yellow,4925,Euro,77
446832509-7,Beets - Candy Cane Organic,4121,Real,74
787098793-X,Bar - Granola Trail Mix Fruit Nut,2627,Zloty,85
121842048-0,Watercress,2506,Dram,90
449152708-3,Longos - Chicken Caeser Salad,4895,Peso,8
176937712-3,Coffee Decaf Colombian,4327,Peso,60
928860253-4,Blackberries,3685,Franc,87
474327756-6,Lamb - Pieces Diced,1804,Rupiah,27
878463959-8,Berry Brulee,4709,Rupee,51
127047769-2,Soup - Base Broth Beef,4490,Real,33
002573116-5,Aspic - Amber,4525,Baht,62
778921297-4,Sprouts - Corn,3180,Dollar,28
852523519-9,Chicken - Diced Cooked,4162,Dollar,27
735561882-2,Bread Base - Italian,1882,Ruble,50
337293757-0,General Purpose Trigger,4107,Somoni,65
251192239-8,Fond - Neutral,2916,Franc,68
951367595-5,Prunes - Pitted,3169,Yuan Renminbi,93
621721821-6,Tomatillo,4172,Hryvnia,89
800094807-9,Juice - Tomato 48 Oz,1946,Lek,40
115981642-5,Wine - Balbach Riverside,1426,Som,86
213045141-1,Chicken Breast Halal,4935,Yuan Renminbi,97
904129410-4,Eggplant Oriental,1684,Euro,79
652505986-0,Pasta - Lasagna Dry,1868,Peso,98
478173843-5,Veal - Insides Grains,3904,Yuan Renminbi,68
665714954-9,Bagel - Whole White Sesame,3738,Lek,70
275501295-1,Dried Figs,1724,Zloty,7
829902480-3,Pasta - Agnolotti - Butternut,2057,Krona,26
739366586-7,Pork - Baconback Peameal,2206,Ruble,28
979720831-1,Oil - Sunflower,3777,Krona,86
369136167-6,Vinegar - Red Wine,1531,Dollar,3
605446323-3,Anchovy Fillets,1331,Euro,95
079736682-2,Dill Weed - Fresh,2213,Yuan Renminbi,97
456799345-4,Wine - Port Late Bottled Vintage,3368,Dinar,45
754255303-8,Mince Meat - Filling,3658,Dirham,98
707874969-3,Roe - White Fish,4808,Peso,74
385882936-6,Longos - Chicken Cordon Bleu,4394,Sol,98
347469134-1,Juice - V8 Splash,1315,Yen,66
450986928-2,Bread - French Baquette,3237,Rand,85
117355253-7,Pastry - Key Limepoppy Seed Tea,4895,Yen,9
582607305-5,Daves Island Stinger,4882,Peso,29
172443408-X,Oven Mitt - 13 Inch,2692,Euro,67
218274046-5,Lettuce - Green Leaf,4595,Peso,48
550099534-0,Cherries - Bing Canned,4013,Lev,69
185623786-9,Oil - Food Lacquer Spray,2191,Peso,87
606085717-5,Crab - Dungeness Whole,1544,Tugrik,90
726848670-7,Vermouth - Sweet Cinzano,4595,Rupiah,61
791918306-5,Truffle Cups - Red,3042,Krona,65
655828071-X,Tart - Lemon,4254,Euro,78
819840420-1,Sauce - Soya Dark,3734,Peso,82
645933066-2,Sauce Bbq Smokey,4941,Euro,73
006530559-0,Extract - Almond,1728,Euro,79
090717011-0,Coffee - Colombian Portioned,2472,Rupiah,82
219624107-5,Soho Lychee Liqueur,1644,Peso,3
512978937-7,Garam Marsala,4334,Rupiah,80
568376809-8,Sauce - Soya Dark,1254,Yuan Renminbi,67
357195370-3,Island Oasis - Mango Daiquiri,4604,Rupiah,91
042384970-0,Cheese - Parmigiano Reggiano,2572,Ruble,63
799997598-2,Steampan Lid,4250,Yuan Renminbi,63
437418876-2,Wine - Red Mouton Cadet,2622,Krona,47
405521615-7,Bread - Olive,3296,Yuan Renminbi,13
885228582-2,Chick Peas - Dried,2896,Peso,70
068045902-2,Soup - Campbells Mac N Cheese,1826,Yuan Renminbi,45
706510186-X,Sambuca Cream,4384,Rupiah,27
534813199-7,Wine - White French Cross,1993,Lev,54
120410467-0,Turkey - Breast Smoked,4304,Ruble,10
370978534-0,Beer - Pilsner Urquell,4755,Guarani,72
097950878-9,Chinese Lemon Pork,2101,Leu,55
132432731-6,Chocolate Liqueur - Godet White,3136,Afghani,32
796837342-5,Jam - Apricot,4315,Koruna,86
908483622-7,Chickensplit Half,1079,Peso,59
529771676-4,Food Colouring - Red,1979,Rupiah,70
337490678-8,Bandage - Finger Cots,1670,Dollar,2
656636793-4,Bread - Flat Bread,3923,Ruble,45
738259893-4,Lamb - Rack,4195,Yuan Renminbi,36
969484132-1,Langers - Ruby Red Grapfruit,2897,Euro,32
317247464-X,Salmon - Sockeye Raw,1969,Peso,90
053265874-4,Mushroom - Lg - Cello,4408,Afghani,81
502281408-0,Coffee - Irish Cream,1754,Koruna,89
097139011-8,Sage - Fresh,2199,Hryvnia,55
881926929-5,Veal - Chops Split Frenched,2932,Euro,70
384219341-6,Longos - Assorted Sandwich,3054,Som,7
844012221-7,Wine - Red Cooking,3847,Euro,15
794740951-X,Soup - Campbells Spinach Crm,3481,Peso,85
106982081-4,Bacon Strip Precooked,1250,Koruna,2
523270740-X,Garbag Bags - Black,2887,Real,54
406319600-3,Potatoes - Mini White 3 Oz,4121,Yuan Renminbi,90
797435958-7,Ecolab - Hobart Washarm End Cap,4960,Baht,48
061857585-5,Bandage - Finger Cots,3979,Euro,35
563478549-9,Rappini - Andy Boy,1504,Peso,3
635821149-8,Crab Brie In Phyllo,2071,Rupiah,83
369531715-9,Oil - Pumpkinseed,3155,Kwacha,53
230817640-7,Wine - Trimbach Pinot Blanc,4437,Rupiah,58
492658900-1,Jicama,1192,Pound,75
883037267-6,Cheese - Perron Cheddar,3784,Peso,93
925674912-2,Wine - Marlbourough Sauv Blanc,2428,Ringgit,45
558981501-0,Lamb - Ground,1755,Balboa,32
836923848-3,Bread - Dark Rye Loaf,4883,Real,22
072003442-6,Pomegranates,1504,Yuan Renminbi,33
268305115-8,Crab - Claws 26 - 30,4203,Sol,73
435352894-7,Parsley - Dried,1736,Rupiah,26
365095300-5,Pesto - Primerba Paste,2234,Real,96
092882847-6,Muffin Mix - Morning Glory,2002,Real,30
778233597-3,Calypso - Pineapple Passion,3379,Zloty,40
720234760-1,Beans - Navy Dry,1835,Real,85
002369352-5,Asparagus - Green Fresh,3246,Euro,98
693085303-8,Ecolab - Ster Bac,4507,Dollar,21
133833895-1,Cup - 8oz Coffee Perforated,3646,Zloty,32
108070430-2,Garlic,2187,Peso,21
348842416-2,Bread - Sticks Thin Plain,3939,Franc,2
330483084-7,Long Island Ice Tea,1074,Dollar,99
975097686-X,Cake Slab,3188,Dinar,35
090867323-X,Veal - Insides Grains,1071,Afghani,44
144344094-9,Bagel - Everything,4435,Bolivar,84
322878469-X,Wine - Sherry Dry Sack William,1392,Rupiah,68
296566768-7,Oysters - Smoked,4816,Hryvnia,4
848408687-9,Cup - Translucent 7 Oz Clear,4957,Marka,99
708032328-2,Cheese - Cheddar With Claret,4082,Franc,79
365416650-4,Chicken - Breast 5 - 7 Oz,4767,Shilling,45
488644852-6,Chocolate - Unsweetened,2052,Yuan Renminbi,15
238134271-0,Capers - Ox Eye Daisy,4058,Yuan Renminbi,87
985652197-1,Wine - Cahors Ac 2000 Clos,2429,Som,100
155613210-7,Coffee - Hazelnut Cream,3739,Yuan Renminbi,15
808087291-0,Lamb - Whole Head Offnz,1099,Yuan Renminbi,38
010839179-5,Yogurt - Strawberry 175 Gr,1171,Peso,32
155301694-7,Squash - Acorn,2134,Naira,17
928114369-0,Pasta - Fettuccine Egg Fresh,4890,Hryvnia,31
317727593-9,Coffee - Espresso,3267,Euro,46
393475048-6,Sambuca - Opal Nera,4776,Euro,72
778455443-5,Asparagus - Mexican,1287,Dollar,73
720635346-0,Petite Baguette,4291,Real,43
529171778-5,Steam Pan - Half Size Deep,1767,Zloty,53
536049064-0,Lettuce - Lambs Mash,4618,Lempira,67
529484402-8,Turkey Leg With Drum And Thigh,4910,Som,9
254748207-X,Sage - Ground,3108,Yuan Renminbi,60
833990430-2,Jolt Cola,4619,Rupiah,37
270096028-9,Rum - Cream Amarula,2464,Yuan Renminbi,5
244711157-6,Oranges,1710,Zloty,37
675851886-8,Chicken - Wings Tip Off,4140,Zloty,40
689858614-9,Wine - Magnotta - Bel Paese White,3695,Yuan Renminbi,95
762508890-1,Chef Hat 25cm,4127,Baht,80
515265020-7,Pop Shoppe Cream Soda,2251,Dollar,87
090763672-1,Liqueur Banana Ramazzotti,2166,Yuan Renminbi,65
630616370-0,Shichimi Togarashi Peppeers,4603,Leu,33
303794447-1,Tart Shells - Savory 4,2420,Rupiah,46
948660030-9,Dragon Fruit,2229,Zloty,8
923113618-6,Foil Wrap,2830,Rupiah,92
553308694-3,Lighter - Bbq,2214,Yuan Renminbi,21
929630119-X,Ocean Spray - Ruby Red,1945,Yuan Renminbi,66
736834236-7,Cookies - Fortune,2903,Rupiah,52
317402241-X,Soup - Verve - Chipotle Chicken,4071,Euro,76
272137307-2,Beer - Heinekin,3798,Leu,89
363724541-8,Kohlrabi,3760,Ruble,7
131578156-5,Soup Campbells,2136,Dollar,65
463068646-0,Energy Drink - Franks Pineapple,2086,Peso,1
472915434-7,Cheese - Feta,4948,Yuan Renminbi,10
633036434-6,Anchovy Fillets,1848,Tenge,92
720222995-1,Sage - Ground,4245,Krone,73
471698869-4,Ice Cream - Life Savers,3931,Yuan Renminbi,97
351161235-7,Sage - Ground,2436,Peso,35
938223110-2,Wine - Barolo Fontanafredda,3410,Yuan Renminbi,6
298490606-3,Calypso - Strawberry Lemonade,2295,Peso,36
396353130-4,Bouq All Italian - Primerba,2515,Rupiah,20
857677868-8,Carbonated Water - Cherry,3129,Zloty,29
825320292-X,Mushroom - Enoki Dry,2359,Rupiah,76
947371004-6,Wine - Trimbach Pinot Blanc,2241,Peso,74
611076359-4,Muffin - Banana Nut Individual,3629,Peso,15
244489720-X,Cut Wakame - Hanawakaba,4482,Rand,4
290774011-3,The Pop Shoppe - Root Beer,3047,Dirham,36
587358197-5,Ice Cream Bar - Oreo Cone,3890,Lev,86
568700815-2,Beef - Bresaola,1501,Yuan Renminbi,23
774085854-4,Syrup - Golden Lyles,4020,Peso,17
803721685-3,Nantucket - 518ml,4231,Ruble,13
522143768-6,Pheasants - Whole,1267,Euro,79
649388701-1,Asparagus - Frozen,2417,Yuan Renminbi,75
464697753-2,Cut Wakame - Hanawakaba,3052,Yuan Renminbi,98
945455327-5,Sobe - Liz Blizz,4994,Euro,87
796022824-8,Nut - Walnut Pieces,4010,Quetzal,55
188576111-2,Wine - Fino Tio Pepe Gonzalez,2427,Euro,72
385111333-0,Cheese - Roquefort Pappillon,3841,Yuan Renminbi,60
059190100-5,Spice - Greek 1 Step,4370,Ruble,7
569861506-3,Food Colouring - Pink,4597,Yuan Renminbi,37
484182624-6,Ecolab - Lime - A - Way 4/4 L,3862,Rupee,25
378723723-2,Bread - Dark Rye,1634,Yuan Renminbi,77
212108209-3,Marjoram - Dried Rubbed,2789,Rupiah,67
045194575-1,Beer - Corona,4035,Krone,16
672949211-2,Lychee - Canned,1905,Franc,84
257222454-2,Miso - Soy Bean Paste,3659,Rupiah,52
029645696-9,Sauce - Hollandaise,2350,Real,97
980629015-1,Pork - Loin Center Cut,4123,Dirham,14
662438571-5,Soap - Hand Soap,1212,Kuna,26
499786481-1,Crab - Imitation Flakes,2486,Ruble,89
092753113-5,Bread - Roll Soft White Round,3719,Yuan Renminbi,81
795782831-0,Syrup - Golden Lyles,2932,Rupiah,77
326106915-5,Lettuce - Curly Endive,1099,Yuan Renminbi,2
697200467-5,Compound - Mocha,3451,Koruna,34
159650874-4,Wine - White Concha Y Toro,1129,Sol,96
613843882-5,Potatoes - Parissienne,1964,Naira,40
415388295-X,Beef - Kindney Whole,3532,Euro,21
588550132-7,Coke - Diet 355 Ml,1645,Yuan Renminbi,24
303865448-5,Wine - Riesling Dr. Pauly,2145,Som,3
506325508-6,Steampan - Foil,3109,Euro,15
075368783-6,Pasta - Penne Rigate Dry,4939,Dong,95
635316189-1,Table Cloth 62x114 White,4377,Peso,84
763098397-2,Wine - White Mosel Gold,3858,Dinar,31
775904930-7,Chocolate - Feathers,1130,Rupiah,58
044739753-2,Alize Gold Passion,3105,Afghani,82
653165723-5,Coke - Classic 355 Ml,4465,Franc,19
217663139-0,Muffin - Mix - Creme Brule 15l,4055,Bolivar,86
233517278-6,Trout - Rainbow Fresh,1032,Zloty,7
191105622-0,Peppercorns - Green,3769,Zloty,76
723035095-6,Wine - Masi Valpolocell,3283,Yuan Renminbi,57
694015716-6,Chocolate Bar - Oh Henry,1370,Real,80
669040584-2,Wine - Piper Heidsieck Brut,1873,Euro,72
280299859-5,Island Oasis - Magarita Mix,2274,Yuan Renminbi,87
234155643-4,Soup - Campbells Bean Medley,2578,Real,78
067812227-X,Absolut Citron,4434,Rupiah,47
336708232-5,Tomato Paste,2077,Yuan Renminbi,74
483277481-6,Pepper - Chilli Seeds Mild,1047,Krona,15
776212410-1,Mushroom - Portebello,4769,Dollar,79
360335270-X,Graham Cracker Mix,3467,Ruble,74
771905636-1,Mushroom - Enoki Dry,4667,Peso,68
113555590-7,Wine - Kwv Chenin Blanc South,1099,Rial,1
186066248-X,Orange - Blood,3369,Yuan Renminbi,95
134862428-0,Grapes - Green,1248,Dollar,72
710547586-2,Raisin - Dark,3507,Yuan Renminbi,51
002807978-7,Triple Sec - Mcguinness,1620,Dinar,61
023040281-X,Thyme - Lemon Fresh,1859,Peso,80
860712497-8,Sausage - Breakfast,3841,Yen,37
562683610-1,Chinese Foods - Chicken Wing,2751,Yuan Renminbi,13
367874986-0,Maple Syrup,3539,Dollar,9
857785359-4,Crab - Dungeness Whole live,2501,Yuan Renminbi,11
713332712-0,Squash - Sunburst,1525,Euro,60
964918968-8,Towel Dispenser,1906,Kina,54
671856108-8,Beer - Blue Light,4334,Yuan Renminbi,47
691290098-4,Cookies - Englishbay Oatmeal,4908,Dirham,30
911408125-3,Coffee - Frthy Coffee Crisp,3750,Ruble,39
272528310-8,Oats Large Flake,3521,Rupiah,32
138882974-6,Dc - Sakura Fu,1199,Yuan Renminbi,53
831082876-4,Sprouts Dikon,3587,Peso,98
736081530-4,Meldea Green Tea Liquor,3681,Peso,87
744083544-1,Nantucket Apple Juice,3924,Rupiah,80
140024938-4,Island Oasis - Cappucino Mix,2929,Koruna,11
175173445-5,Laundry - Bag Cloth,3895,Dollar,85
279582793-X,Yogurt - Assorted Pack,2910,Pound,66
527331288-4,Lamb Tenderloin Nz Fr,2968,Rupiah,36
136743401-7,Soup Campbells Beef With Veg,3217,Lilangeni,64
526519425-8,Muffin - Carrot Individual Wrap,1028,Ruble,73
195614710-1,Roe - Lump Fish Black,2947,Rupiah,83
123294821-7,Magnotta Bel Paese Red,4083,Yen,48
928194555-X,Truffle Shells - Semi - Sweet,1736,Shilling,96
392783759-8,Macaroons - Two Bite Choc,2896,Euro,47
608773154-7,Spaghetti Squash,2046,Peso,45
390783953-6,Teriyaki Sauce,1587,Yuan Renminbi,18
958191797-7,Temperature Recording Station,3000,Peso,26
937882193-6,Juice - Lagoon Mango,2277,Euro,21
688970197-6,Baking Soda,1575,Euro,40
830211607-6,Ham - Proscuitto,2952,Ruble,21
972956297-0,Tea - Honey Green Tea,3299,Euro,59
318710766-4,Soup Campbells Mexicali Tortilla,2162,Peso,84
024452677-X,Melon - Honey Dew,2316,Yuan Renminbi,68
880163805-1,Orange Roughy 4/6 Oz,3647,Yuan Renminbi,1
348309818-6,Tendrils - Baby Pea Organic,1679,Riels,51
111004454-2,Water - Perrier,1131,Rupiah,37
789373321-7,Puree - Kiwi,2397,Yuan Renminbi,20
419581201-1,Potatoes - Peeled,4740,Yuan Renminbi,26
459733182-4,Bread - English Muffin,3170,Ruble,65
857975828-9,Chips Potato Salt Vinegar 43g,3946,Krona,5
379216919-3,Triple Sec - Mcguinness,4935,Rupiah,22
447690720-2,Turnip - Mini,3830,Sol,76
262729101-7,Sea Urchin,2577,Pound,84
163729453-0,Bandage - Finger Cots,2428,Ruble,30
545604589-3,Hold Up Tool Storage Rack,3629,Rupiah,61
209390338-5,Salsify Organic,2686,Yuan Renminbi,52
245072279-3,Soup - Campbells - Tomato,1881,Rial,40
297358421-3,Cheese - Comte,4300,Yen,85
782035694-4,Filling - Mince Meat,1916,Yuan Renminbi,93
937666140-0,Neckerchief Blck,1206,Rupiah,62
288338704-4,Appetizer - Crab And Brie,3985,Yuan Renminbi,23
752840267-2,Tea - English Breakfast,3615,Ringgit,51
617834935-1,Pail For Lid 1537,3209,Shilling,30
470274372-4,Butter - Salted Micro,3833,Krona,34
304570228-7,Rice - Wild,3532,Yuan Renminbi,60
897519839-1,Juice - Lime,1807,Yuan Renminbi,71
092778512-9,Egg - Salad Premix,3664,Krona,13
133303582-9,Table Cloth 81x81 White,1042,Yuan Renminbi,76
062735205-7,Sobe - Lizard Fuel,2230,Yuan Renminbi,45
055784297-2,Kirsch - Schloss,4827,Dollar,84
433057874-3,Mix - Cocktail Strawberry Daiquiri,1420,Yuan Renminbi,12
559521884-3,Nut - Hazelnut Whole,2273,Naira,92
118661318-1,Salmon - Fillets,1475,Dollar,34
774426018-X,Sugar - Icing,4201,Yuan Renminbi,39
717350964-5,Bandage - Finger Cots,2952,Yuan Renminbi,25
597552843-7,Thyme - Fresh,2103,Peso,5
762662635-4,Duck - Whole,3241,Krone,61
260510779-5,Cake - Bande Of Fruit,3333,Zloty,71
379662564-9,Wine - Stoneliegh Sauvignon,2332,Rupiah,100
387139436-X,Wonton Wrappers,1396,Rupiah,29
273565542-3,Sage - Rubbed,2727,Hryvnia,95
662779048-3,Remy Red Berry Infusion,3545,Yuan Renminbi,55
306395016-5,Dome Lid Clear P92008h,3045,Tugrik,47
182989798-5,Tart Shells - Savory 4,2971,Yuan Renminbi,49
606161089-0,Sprouts - China Rose,2769,Yuan Renminbi,33
635224537-4,Skewers - Bamboo,1741,Peso,37
327921453-X,Wakami Seaweed,4170,Krona,36
891724457-2,Oil - Truffle Black,2325,Dollar,45
245898726-5,Crab - Dungeness Whole live,2536,Yuan Renminbi,18
476938737-7,Hersey Shakes,2173,Euro,69
431709831-8,Dr. Pepper - 355ml,1275,Shilling,64
653192690-2,Chilli Paste Sambal Oelek,4429,Sol,61
770956552-2,Pie Filling - Cherry,1748,Yuan Renminbi,2
321370069-X,Lamb - Whole Frozen,2230,Peso,69
342553058-5,Sparkling Wine - Rose Freixenet,1313,Marka,17
919532919-6,Soup - Campbells Butternut,1997,Sol,44
402013867-2,Broom And Broom Rack White,2499,Yuan Renminbi,35
907783512-1,Pork - Sausage Casing,1174,Rupiah,98
797141096-4,Rambutan,1249,Rand,28
823201197-1,Cauliflower,4734,Dinar,3
815006734-5,Greens Mustard,1495,Koruna,18
771255998-8,Lid Tray - 16in Dome,1656,Dollar,70
432799961-X,Syrup - Monin - Granny Smith,3925,Rupiah,72
585313615-1,Cherries - Fresh,3212,Rupiah,14
015840685-0,Passion Fruit,2495,Dollar,85
891752240-8,Orange - Blood,3691,Peso,12
674205020-9,Spice - Onion Powder Granulated,2635,Zloty,53
004211299-0,Eggwhite Frozen,2822,Ruble,92
671270753-6,Tray - 16in Rnd Blk,2977,Euro,26
436388536-X,Coconut - Creamed Pure,3321,Somoni,7
290451867-3,Steamers White,2766,Zloty,1
619093124-3,Sauce - Ranch Dressing,4497,Shilling,12
135768279-4,Wine - Magnotta - Cab Sauv,3135,Peso,80
016889929-9,Clams - Littleneck Whole,2591,Krona,74
816124631-9,Bread - Bistro Sour,4333,Lek,91
998706653-4,Squid - U - 10 Thailand,2824,Real,66
508218860-7,Wine - White Cooking,3747,Peso,52
127185176-8,Water - Perrier,3152,Dollar,47
462171628-X,Wine - Chenin Blanc K.w.v.,2810,Yuan Renminbi,18
547180741-3,Bay Leaf Ground,1727,Won,34
000263252-7,Bacardi Limon,2383,Peso,49
429724565-5,Pop Shoppe Cream Soda,4633,Euro,15
053342893-9,Table Cloth 144x90 White,3474,Yuan Renminbi,91
344989204-5,Wine - German Riesling,1084,Shilling,87
118713429-5,Cheese - Gouda Smoked,2318,Rupiah,48
912640746-9,Ketchup - Tomato,2593,Yuan Renminbi,35
738980269-3,Oregano - Dry Rubbed,1738,Yuan Renminbi,72
662552870-6,Pie Pecan,2497,Peso,56
307484961-4,Jolt Cola,2370,Yuan Renminbi,22
276557361-1,Shrimp - Baby Warm Water,1913,Sol,62
501475055-9,Jello - Assorted,4610,Rial,52
907434072-5,Pastry - Key Limepoppy Seed Tea,2504,Ruble,94
486810534-5,Beef - Tenderloin - Aa,4906,Euro,6
178535612-7,Anisette - Mcguiness,1822,Dalasi,17
623985927-3,Wheat - Soft Kernal Of Wheat,4947,Cedi,47
352823139-4,Lobster - Baby Boiled,2510,Euro,78
547759918-9,Truffle Cups - Brown,1696,Rupiah,38
804166292-7,Wine - Niagara Peninsula Vqa,1624,Yuan Renminbi,71
045727029-2,Pepper - Black Ground,4711,Yuan Renminbi,6
786714089-1,Pork - Backs - Boneless,2326,Zloty,48
476779963-5,Pasta - Bauletti Chicken White,4808,Baht,89
510495587-7,Lid Coffee Cup 8oz Blk,2515,Euro,44
810960254-1,Maple Syrup,1438,Rupiah,23
734772522-4,Vinegar - Champagne,4256,Peso,63
668906505-7,Yogurt - French Vanilla,3533,Baht,83
586773026-3,Lettuce - Romaine Heart,3686,Euro,92
602975494-7,Bread - Corn Muffaleta Onion,2189,Koruna,7
435119568-1,Pork - Back Short Cut Boneless,4215,Peso,94
503891484-5,Watercress,1965,Yuan Renminbi,78
526302706-0,Sour Cream,2813,Yuan Renminbi,8
171047321-5,Coffee - 10oz Cup 92961,1772,Euro,32
679242389-0,Bread - English Muffin,1589,Ruble,70
048639340-2,Eggplant Italian,4174,Guarani,4
722516667-0,Lady Fingers,1338,Dollar,7
605134381-4,Pasta - Orzo Dry,4174,Euro,2
482309169-8,Nescafe - Frothy French Vanilla,4504,Peso,78
047644399-7,Steampan - Half Size Shallow,3047,Yuan Renminbi,91
499598903-X,Turkey - Breast Double,4720,Real,79
776289283-4,Stock - Veal Brown,3770,Ruble,35
825482573-4,Beef Flat Iron Steak,2681,Yuan Renminbi,35
928979389-9,Lettuce - Iceberg,3577,Krona,33
911769101-X,Water - Spring Water 500ml,2667,Yuan Renminbi,72
418699769-1,Sobe - Green Tea,3033,Real,3
452037475-8,Pork - Ham Virginia,2362,Ruble,59
118904677-6,Chicken - Soup Base,3747,Ruble,72
944421451-6,Cheese - Montery Jack,4493,Yuan Renminbi,99
790084222-5,Thyme - Lemon Fresh,1869,Yuan Renminbi,75
819891067-0,Napkin Colour,2651,Sol,40
649803289-8,Mushroom - Enoki Dry,1335,Euro,54
959019071-5,Ecolab - Hobart Washarm End Cap,4611,Yuan Renminbi,11
893480545-5,Noodles - Steamed Chow Mein,3124,Dirham,51
853027960-3,Pate Pans Yellow,1607,Rupiah,94
220438866-1,Lobster - Tail 3 - 4 Oz,4212,Franc,94
927398941-1,Sauce - Cranberry,2323,Rupiah,68
040831160-6,Danishes - Mini Cheese,3249,Koruna,26
099526260-8,Versatainer Nc - 9388,4687,Yuan Renminbi,5
295434970-0,Puree - Kiwi,1472,Franc,66
532049957-4,Remy Red Berry Infusion,1158,Yuan Renminbi,48
216482437-7,Pears - Bosc,3873,Yuan Renminbi,19
624675943-2,The Pop Shoppe - Cream Soda,4187,Euro,18
619796891-6,Artichoke - Hearts Canned,1987,Yuan Renminbi,3
845551136-2,Pepperoni Slices,2857,Ruble,55
240093176-3,Apple - Fuji,4828,Yuan Renminbi,45
311552653-9,Cheese - Oka,1184,Colon,61
138808740-5,Salmon Steak - Cohoe 8 Oz,4160,Euro,5
700302976-6,Wiberg Super Cure,2793,Yen,13
748794910-9,Cherries - Fresh,4819,Rupee,59
128005589-8,Sauce - Cranberry,1411,Dollar,2
102320571-8,Pastry - Cheese Baked Scones,2612,Yuan Renminbi,19
433256291-7,Juice - Tomato 10 Oz,3683,Euro,4
179561147-2,Wine - Sawmill Creek Autumn,4146,Peso,44
655158297-4,Veal - Kidney,4790,Euro,66
689501706-2,Ezy Change Mophandle,4321,Cedi,50
645725848-4,Cake - French Pear Tart,1675,Yuan Renminbi,2
404809536-6,Syrup - Pancake,3768,Hryvnia,55
749470604-6,Remy Red Berry Infusion,1407,Peso,69
251211448-1,Crush - Orange 355ml,2056,Yen,94
920407149-4,Pork - Butt Boneless,1767,Yuan Renminbi,10
187446698-X,Beans - Kidney Canned,4803,Yuan Renminbi,20
309118993-7,Curry Paste - Green Masala,3721,Hryvnia,66
039570913-X,Raspberries - Fresh,1676,Hryvnia,3
534976817-4,Steampan - Lid For Half Size,4345,Rupiah,95
297878222-6,Onions - White,3720,Ruble,70
505829943-7,Scampi Tail,2883,Krona,62
629253330-1,Peach - Fresh,2424,Franc,63
528246196-X,Beer - Guiness,1340,Yuan Renminbi,61
621159674-X,Arctic Char - Fillets,3093,Peso,15
684087050-2,Wine - Magnotta - Bel Paese White,2169,Rupiah,85
481838437-2,V8 - Vegetable Cocktail,2981,Shekel,56
367136037-2,Chilli Paste Sambal Oelek,2225,Yuan Renminbi,54
906217722-0,Plate Foam Laminated 9in Blk,3980,Yen,1
510583439-9,Bandage - Flexible Neon,3872,Shekel,76
520191360-1,Wine - Cava Aria Estate Brut,3823,Koruna,80
905460588-X,Muffin Chocolate Individual Wrap,3303,Yuan Renminbi,84
877326464-4,Bread - Petit Baguette,4820,Yuan Renminbi,45
349725161-5,Praline Paste,3715,Peso,40
285801101-X,Sauce Tomato Pouch,3158,Peso,6
434184912-3,Veal - Liver,3572,Rupiah,63
795779894-2,Bar Special K,3354,Yuan Renminbi,77
553327170-8,Coffee - Beans Whole,4109,Ruble,20
020344947-9,Pepper - Red Thai,3968,Yuan Renminbi,86
288159873-0,Rice - Brown,4538,Peso,70
269182702-X,Potatoes - Parissienne,4561,Peso,47
798863588-3,Beef - Tongue Cooked,4909,Euro,52
128596091-2,Bread - Rosemary Focaccia,3623,Kuna,91
224038172-8,Pastry - Choclate Baked,3498,Yuan Renminbi,5
745047968-0,Ocean Spray - Kiwi Strawberry,2156,Rupiah,6
034179240-3,Sage - Fresh,2796,Euro,59
120124826-4,Bread - Roll Calabrese,2620,Sol,16
070132881-9,Muffin - Mix - Creme Brule 15l,3356,Dollar,74
800514527-6,Beef - Ox Tongue,3092,Yuan Renminbi,54
325074908-7,Pasta - Fusili Tri - Coloured,3151,Euro,100
344359697-5,Bread - Roll Italian,3233,Zloty,90
967987215-7,Yogurt - Cherry 175 Gr,2009,Peso,28
266736696-4,Sauce - Apple Unsweetened,1987,Hryvnia,12
953908955-7,Butter Balls Salted,2862,Rupiah,84
411228952-9,Bandage - Fexible 1x3,4903,Yuan Renminbi,44
278051494-9,Cinnamon - Stick,3860,Dollar,55
616077031-4,Kiwano,2562,Rial,34
209434307-3,Bols Melon Liqueur,2677,Ariary,26
977550057-5,Garam Masala Powder,2159,Dollar,53
653433205-1,Cookie Double Choco,3772,Rupiah,78
228130090-0,Alize Sunset,4955,Euro,5
863798195-X,Stock - Beef White,2126,Ruble,52
346430089-7,Wine - Chablis 2003 Champs,4333,Lek,13
038269289-6,Pie Shell - 5,4933,Rupiah,20
328422615-X,Toamtoes 6x7 Select,1032,Yuan Renminbi,51
157601580-7,Wine - Gewurztraminer Pierre,2528,Tugrik,24
229044786-2,Potatoes - Idaho 80 Count,3062,Koruna,15
711569632-2,Crab - Claws 26 - 30,4767,Yuan Renminbi,94
366288137-3,Seaweed Green Sheets,3211,Yuan Renminbi,27
037905697-6,Asparagus - White Canned,3389,Yuan Renminbi,28
296631805-8,Momiji Oroshi Chili Sauce,2101,Sol,4
256402854-3,Wine - White Riesling Semi - Dry,1260,Franc,9
818756911-5,Scallops - U - 10,3886,Peso,41
419016402-X,Wine - Cotes Du Rhone Parallele,4747,Rupiah,70
290052506-3,Sugar - Individual Portions,3161,Ruble,15
506614107-3,Sauce - Chili,3940,Zloty,88
580294556-7,Syrup - Monin Irish Cream,2295,Won,44
097982563-6,Wine - Riesling Alsace Ac 2001,2197,Rupee,98
866334007-9,Garlic - Peeled,2691,Euro,52
152377536-X,Table Cloth 54x54 Colour,3535,Won,18
945883025-7,Mushroom - Porcini Frozen,4125,Dollar,12
588243324-X,Tomatoes - Roma,1860,Yuan Renminbi,33
140881787-X,Stock - Veal Brown,2196,Euro,83
233345725-2,Tart Shells - Savory 4,4789,Yuan Renminbi,25
282950288-4,Pancetta,1961,Dinar,24
782854892-3,Energy Drink Red Bull,3361,Krona,51
835723687-1,Rum - Light Captain Morgan,1318,Koruna,88
916661729-4,Chicken - Whole Fryers,4993,Peso,19
719945728-6,Tea - Darjeeling Azzura,4375,Colon,79
502271882-0,Asparagus - Green Fresh,1511,Euro,62
273490183-8,Mushroom Morel Fresh,2132,Leu,69
631965183-0,Tuna - Yellowfin,2683,Euro,30
425148018-X,Wine - Jackson Triggs Okonagan,2210,Koruna,10
730539137-9,Peas Snow,3033,Dollar,5
351993329-2,Cake - Lemon Chiffon,2627,Yuan Renminbi,94
765621913-7,Bay Leaf Ground,3734,Dollar,35
448033296-0,Beer - Sleemans Honey Brown,2406,Krona,92
324187900-3,Lettuce - Boston Bib,3332,Euro,57
838070134-8,Cinnamon Buns Sticky,4154,Yuan Renminbi,51
192755870-0,Sherry - Dry,3447,Real,97
613250836-8,Mustard Prepared,4678,Ruble,46
373184319-6,Pineapple - Golden,1676,Yuan Renminbi,78
055795612-9,Nut - Chestnuts Whole,3050,Kuna,65
795481155-7,Coffee Cup 16oz Foam,3705,Peso,7
078348336-8,Muffin Batt - Ban Dream Zero,2372,Franc,34
238505979-7,Wine - Vidal Icewine Magnotta,3196,Ruble,1
058800447-2,Goat - Leg,2612,Yen,5
484207051-X,Dr. Pepper - 355ml,2536,Lempira,68
633259978-2,Sole - Iqf,2660,Euro,16
883039755-5,Beef Wellington,1092,Yuan Renminbi,62
629880824-8,Lamb - Whole Head Off,4055,Rupiah,19
737057984-0,Temperature Recording Station,2900,Shilling,17
278373311-0,Wine - Sherry Dry Sack William,3457,Koruna,41
191246693-7,Table Cloth 53x69 White,1995,Euro,54
069714606-5,Beef - Top Butt Aaa,3811,Peso,31
448731785-1,Pear - Asian,2302,Dinar,80
233224925-7,Pear - Prickly,4556,Real,99
253828344-2,Gelatine Leaves - Envelopes,4982,Ruble,53
205230001-5,Coffee - Flavoured,1035,Peso,40
460981216-9,Juice - Cranberry 284ml,4647,Dollar,83
817117008-0,Chutney Sauce,3850,Ruble,77
403141929-5,Brandy - Orange Mc Guiness,3120,Dollar,79
429854725-6,Kellogs Raisan Bran Bars,2521,Tugrik,31
212809490-9,Sauce - Caesar Dressing,2166,Naira,77
914089619-6,Bag - Bread White Plain,3242,Dollar,15
948866587-4,Chickhen - Chicken Phyllo,4079,Yuan Renminbi,8
807336981-8,Beer - Muskoka Cream Ale,2870,Euro,10
662833278-0,Yeast - Fresh Fleischman,2308,Dinar,46
308797710-1,Beans - Butter Lrg Lima,1230,Euro,87
152296549-1,Chocolate - Chips Compound,2320,Krona,73
800566200-9,Muffin - Mix - Mango Sour Cherry,3439,Somoni,55
231030517-0,Pineapple - Canned Rings,2755,Ruble,65
406224632-5,Cheese - Brick With Pepper,2393,Rial,49
667151726-6,Praline Paste,1358,Euro,29
004656196-X,Assorted Desserts,1018,Yuan Renminbi,4
365131258-5,Island Oasis - Pina Colada,4155,Ruble,12
194756708-X,Cheese - Cream Cheese,1459,Ruble,96
264162262-9,Onions - White,4203,Kyat,100
691406616-7,Fork - Plastic,1193,Rand,35
312120371-1,Bols Melon Liqueur,3167,Peso,47
936126640-3,Longos - Cheese Tortellini,1642,Rupiah,33
708142221-7,Cream Of Tartar,1288,Rupiah,86
288507927-4,Pineapple - Regular,1724,Dollar,73
739696860-7,Ice Cream Bar - Oreo Sandwich,2711,Yuan Renminbi,84
366253443-6,Ecolab Digiclean Mild Fm,1199,Yen,16
279072366-4,Pomello,3053,Euro,99
840447745-0,Bread - Dark Rye Loaf,4979,Rand,70
436435980-7,Eggs - Extra Large,4042,Euro,47
423727531-0,Pecan Raisin - Tarts,1566,Yuan Renminbi,66
802187121-0,Turnip - White,2337,Peso,97
729137222-4,Bread - White Sliced,2008,Zloty,73
285187787-9,Russian Prince,1495,Shekel,92
913637766-X,Mushroom - Chanterelle Dry,4946,Dollar,72
125932050-2,Creme De Menth - White,4574,Rial,85
525185977-5,Mushroom - Shitake Fresh,4428,Peso,89
873643715-8,Water - Mineral Natural,2236,Rand,74
657511737-6,Beef - Ox Tail Frozen,3179,Rand,95
964815371-X,Cucumber - Pickling Ontario,4499,Yuan Renminbi,49
284471961-9,Chocolate - Milk,1109,Birr,49
891637916-4,Sprouts - Corn,1658,Yuan Renminbi,30
886181797-1,Chocolate - Pistoles Lactee Milk,3797,Shilling,27
055221062-5,Pepper Squash,2035,Ruble,40
174138108-8,Roe - Flying Fish,4668,Yuan Renminbi,63
891343366-4,Veal Inside - Provimi,1055,Euro,73
801716534-X,Trueblue - Blueberry,3630,Yuan Renminbi,87
313269161-5,V8 - Tropical Blend,2481,Ariary,1
023633862-5,Muffins - Assorted,1263,Pound,69
916916601-3,Juice - Lemon,4790,Rupiah,96
787595607-2,Cloves - Ground,4590,Rupiah,66
991521442-1,Hummus - Spread,2316,Euro,28
915689908-4,Ham - Proscuitto,2858,Rupiah,80
928008967-6,Crab - Dungeness Whole live,2195,Ringgit,67
596304471-5,Tomatoes - Vine Ripe Yellow,3438,Ruble,85
594322469-6,Vermacelli - Sprinkles Assorted,3174,Rupiah,64
897538211-7,Lemonade - Mandarin 591 Ml,4059,Peso,95
173384210-1,Chip - Potato Dill Pickle,2704,Peso,39
380711127-1,Hog / Sausage Casing - Pork,2216,Kuna,8
940985431-8,Soup - Campbells Spinach Crm,3559,Ruble,19
376837724-5,Amarula Cream,4742,Ruble,90
881120138-1,Tortillas - Flour 10,1766,Krona,63
457437654-6,Pur Source,4611,Kuna,60
165645782-2,Corn Kernels - Frozen,4848,Rial,49
710905604-X,Wine - Mondavi Coastal Private,4162,Rial,70
904387523-6,Clams - Bay,4249,Franc,85
408668913-8,Calypso - Lemonade,4850,Real,77
742141506-8,Rice Paper,1713,Rupiah,57
118717215-4,Snapple - Mango Maddness,4379,Krone,71
124181389-2,Wine - Placido Pinot Grigo,1378,Euro,48
129810170-0,Arizona - Green Tea,1780,Zloty,15
160325858-2,Eggwhite Frozen,2209,Rupiah,69
180814359-0,Nantucket - Pomegranate Pear,4787,Dollar,21
891745997-8,Nantucket - 518ml,4274,Euro,49
737605318-2,Sauce - Hp,1323,Dollar,43
641928756-1,Pasta - Lasagne Fresh,4081,Hryvnia,89
811161789-5,Appetizer - Smoked Salmon / Dill,4795,Euro,36
070076815-7,Wine - Zinfandel Rosenblum,1634,Yuan Renminbi,35
241334253-2,Godiva White Chocolate,3463,Yuan Renminbi,25
454379454-0,Remy Red Berry Infusion,3526,Yuan Renminbi,87
630156613-0,Cinnamon Buns Sticky,4064,Euro,28
609882706-0,Vinegar - Rice,4470,Peso,46
026206970-9,Soup Knorr Chili With Beans,2559,Rupiah,2
106765550-6,Bread - Roll Soft White Round,3379,Zloty,37
412359906-0,Sprouts - Alfalfa,4096,Zloty,1
872638768-9,Cheese - Mozzarella Shredded,3742,Yuan Renminbi,99
830553029-9,Capon - Breast Double Wing On,1076,Yuan Renminbi,2
736175848-7,Jerusalem Artichoke,2655,Bolivar,82
293257234-2,Calypso - Strawberry Lemonade,4191,Yuan Renminbi,7
590480392-3,Pie Filling - Pumpkin,1810,Yuan Renminbi,95
010097349-3,Lemonade - Black Cherry 591 Ml,1678,Boliviano,10
370854562-1,Bread - White Epi Baguette,1420,Ruble,43
212551060-X,Wine - Chardonnay Mondavi,4863,Rupee,28
465383179-3,Soup - Campbells Chicken,2135,Yuan Renminbi,41
963078660-5,Crab - Meat Combo,2689,Real,11
247060278-5,Appetizer - Mini Egg Roll Shrimp,3964,Real,57
521178498-7,Chicken - Whole,3174,Ruble,2
927981673-X,Pasta - Fettuccine Egg Fresh,3364,Rupiah,80
775139196-0,Catfish - Fillets,4911,Zloty,9
265535680-2,Shortbread - Cookie Crumbs,3454,Ruble,86
898190498-7,Garbag Bags - Black,2351,Rupiah,83
039702650-1,Mushroom - Shitake Fresh,1380,Denar,19
702653386-X,Pasta - Shells Medium Dry,1687,Yuan Renminbi,30
209684872-5,Pastry - Cherry Danish - Mini,4330,Yuan Renminbi,29
005526514-6,Dasheen,3704,Kuna,68
795961279-X,Cabbage - Red,4221,Peso,68
666037710-7,Hersey Shakes,4174,Rupiah,71
924260699-5,Wine - Dubouef Macon - Villages,4622,Koruna,37
403759901-5,Soup - Knorr Classic Can. Chili,2102,Euro,77
817986792-7,Peppercorns - Pink,1160,Euro,87
661932302-2,Soup - Campbells Mac N Cheese,3355,Rupiah,93
395056530-2,Glycerine,3688,Krona,85
629576731-1,Beef - Ox Tongue Pickled,1898,Koruna,86
225662139-1,Couscous,1822,Euro,76
413204107-7,Plasticforkblack,2256,Rupiah,29
367487419-9,Spice - Pepper Portions,1216,Krona,36
742014448-6,Cake - Lemon Chiffon,4091,Ruble,43
289068623-X,Eel - Smoked,2759,Yuan Renminbi,48
935177245-4,Oil - Sunflower,4384,Euro,31
558775617-3,Soupfoamcont12oz 112con,4352,Euro,74
631595780-3,Cheese - Bakers Cream Cheese,2936,Naira,50
388437692-6,Cake - Lemon Chiffon,3053,Rupiah,41
959075753-7,Pork - Backfat,3478,Krona,92
216383563-4,Wine - White Gewurtzraminer,2473,Yuan Renminbi,56
501470588-X,Ezy Change Mophandle,3951,Rupiah,95
893663643-X,Melon - Cantaloupe,2782,Dollar,80
021828631-7,Marzipan 50/50,4264,Yuan Renminbi,48
518730664-2,Soup - Campbells Spinach Crm,2299,Yuan Renminbi,11
889636178-8,Beef - Short Loin,3479,Euro,45
144180314-9,Energy Drink - Redbull 355ml,1030,Franc,21
255168847-7,Pasta - Canelloni,3315,Ruble,39
372646376-3,Sponge Cake Mix - Vanilla,1460,Real,40
998347672-X,Wine - Prem Select Charddonany,1315,Gourde,99
402476653-8,Steampan - Lid For Half Size,3909,Yuan Renminbi,64
187849575-5,Pepper - Green Chili,1295,Yuan Renminbi,66
419786366-7,Cream - 35%,2936,Baht,100
597124681-X,Liners - Banana Paper,2665,Rupiah,76
446523795-2,Pepper Squash,1021,Yuan Renminbi,17
666630994-4,Quail - Eggs Fresh,1410,Zloty,98
891731539-9,Lettuce - Red Leaf,4846,Yuan Renminbi,72
548136092-6,Beef - Tenderloin - Aa,4674,Ruble,31
028210147-0,Versatainer Nc - 8288,3702,Rupiah,68
481536285-8,Star Fruit,4839,Rupiah,83
809571495-X,Puree - Blackcurrant,2180,Peso,100
475701242-X,Kaffir Lime Leaves,1443,Yuan Renminbi,25
195543564-2,Flower - Potmums,4144,Ruble,5
424217975-8,Bok Choy - Baby,2916,Ruble,88
764302350-6,Olives - Nicoise,3809,Koruna,28
672608608-3,Tea - Black Currant,2382,Yuan Renminbi,43
094962092-0,Milk - Chocolate 250 Ml,1882,Rial,37
821071178-4,Cheese - Parmesan Cubes,3890,Dollar,64
560348039-4,Flour Pastry Super Fine,3030,Peso,53
647007334-4,Pomegranates,2565,Euro,44
115156577-6,Jello - Assorted,2349,Euro,26
761978294-X,Caviar - Salmon,3062,Yuan Renminbi,100
015091306-0,Apple - Delicious Golden,3141,Real,42
968689153-6,Garbag Bags - Black,2907,Dinar,97
559693450-X,Ecolab - Mikroklene 4/4 L,4639,Peso,5
790415720-9,Yokaline,4353,Zloty,61
082497570-7,Vinegar - Balsamic White,4039,Rupiah,11
485876058-8,Mix - Cocktail Strawberry Daiquiri,1286,Dollar,89
829855802-2,Ham - Proscuitto,1926,Balboa,9
618135717-3,Goulash Seasoning,4789,Rupiah,9
502375744-7,Cucumber - English,4797,Yuan Renminbi,45
444378689-9,Tea - Herbal Sweet Dreams,3129,Zloty,76
142823654-6,Cloves - Whole,4310,Bolivar,30
756313032-2,Carbonated Water - White Grape,4010,Boliviano,53
816208524-6,Grand Marnier,1365,Real,31
824338826-5,Rice - Jasmine Sented,4774,Rial,49
780474305-X,Soup Campbells - Tomato Bisque,2670,Dollar,73
773736473-0,Milk - 1%,4700,Krone,22
890064706-7,Ezy Change Mophandle,2717,Yuan Renminbi,2
125170040-3,Pears - Bartlett,3877,Yuan Renminbi,65
837920972-9,Beer - Guiness,3441,Euro,9
091856613-4,Lemonade - Kiwi 591 Ml,1704,Dram,74
163726332-5,Brandy Apricot,3057,Real,60
796299967-5,Wine - Lou Black Shiraz,2249,Rupiah,15
685997173-8,Soupfoamcont12oz 112con,1332,Yuan Renminbi,84
843285995-8,Grand Marnier,4935,Dinar,82
954157074-7,Coke - Diet 355 Ml,2122,Rupiah,30
210556183-7,Instant Coffee,1364,Euro,88
591476640-0,Cheese - Camembert,4724,Krone,60
939006070-2,Bread - Pumpernickel,1577,Euro,80
156029456-6,Lamb - Shanks,2033,Euro,90
929406088-8,Anisette - Mcguiness,3584,Ruble,23
971516474-9,Salt And Pepper Mix - White,3969,Guarani,80
105292139-6,Bar Mix - Lime,4529,Yuan Renminbi,49
017810566-X,Bar Bran Honey Nut,2090,Pound,74
147197755-2,Lid Coffeecup 12oz D9542b,3625,Ruble,92
480431746-5,Lighter - Bbq,2861,Zloty,16
775606404-6,Sauce - Hoisin,3236,Franc,38
981985662-0,Lettuce Romaine Chopped,4106,Leu,64
806731273-7,Bay Leaf,2304,Ruble,34
783608962-2,Tendrils - Baby Pea Organic,3253,Yuan Renminbi,8
516475362-6,Mace,2235,Koruna,87
254030899-6,Sponge Cake Mix - Vanilla,1110,Peso,46
167721705-7,7up Diet 355 Ml,3009,Real,80
115582893-3,Cups 10oz Trans,3574,Yen,13
090990891-5,Carbonated Water - Orange,1264,Yuan Renminbi,83
414164012-3,Cheese - St. Andre,4229,Ruble,10
589791366-8,Pail - 15l White With Handle,2654,Euro,98
472223707-7,Sambuca - Opal Nera,2992,Shekel,73
415725715-4,Coffee Cup 8oz 5338cd,4505,Real,85
972450885-4,Muffin - Blueberry Individual,4463,Euro,22
361324917-0,Muffin Mix - Blueberry,1908,Dollar,6
637603829-8,Foam Tray S2,2325,Shekel,6
187363368-8,Tofu - Soft,2053,Rupiah,100
448078771-2,Egg - Salad Premix,3511,Yuan Renminbi,85
270938352-7,Curry Powder Madras,2686,Ruble,40
470909935-9,Nestea - Ice Tea Diet,3269,Naira,78
268130930-1,Dr. Pepper - 355ml,1740,Dollar,5
645916576-9,Smirnoff Green Apple Twist,1528,Yuan Renminbi,54
591595680-7,Spice - Montreal Steak Spice,1118,Peso,13
987315796-4,Veal - Bones,2966,Euro,15
161990959-6,Beans - Turtle Black Dry,3514,Rupiah,87
673625092-7,Wine - Spumante Bambino White,4587,Sol,36
516725193-1,Dried Cranberries,4101,Zloty,12
353774029-8,Water - Spring 1.5lit,1256,Leone,38
033357696-9,Sauce - Thousand Island,3740,Zloty,95
734571244-3,Berry Brulee,4883,Rupiah,25
702978034-5,Wine - Prosecco Valdobienne,1926,Real,3
262177406-7,Southern Comfort,1349,Franc,22
063314891-1,Radish - Black Winter Organic,4165,Hryvnia,70
181858776-9,Creme De Banane - Marie,2058,Franc,97
843160517-0,Flour - Teff,3902,Rupee,2
585937559-X,Worcestershire Sauce,2605,Yuan Renminbi,42
317626891-2,Clementine,2806,Yuan Renminbi,37
896897037-8,Wine - Shiraz South Eastern,2500,Rupiah,54
782171031-8,Mustard - Seed,3225,Pound,90
912861008-3,Beer - Creemore,4944,Ruble,10
451245099-8,Coffee - Irish Cream,2164,Peso,36
947134325-9,Vodka - Moskovskaya,3353,Yuan Renminbi,53
250677539-0,Beer - Muskoka Cream Ale,1444,Dollar,67
123820874-6,Shiro Miso,4250,Yen,77
067860408-8,Icecream - Dstk Cml And Fdg,1849,Euro,2
112411653-2,Vinegar - Champagne,3310,Rupiah,13
175771233-X,Sausage - Meat,3924,Yuan Renminbi,27
818293749-3,Ice Cream Bar - Hagen Daz,1099,Rupiah,31
752134903-2,Asparagus - White Fresh,3508,Bolivar,17
998949781-8,Pear - Asian,3733,Naira,74
474395811-3,Pasta - Rotini Colour Dry,1060,Dram,34
438605027-2,Red Pepper Paste,1162,Denar,73
905004733-5,Pork - Side Ribs,2221,Zloty,52
365178051-1,Loaf Pan - 2 Lb Foil,2835,Rupiah,91
672480439-6,Country Roll,2230,Euro,22
841411686-8,Food Colouring - Red,3621,Tugrik,30
487328977-7,Beef Dry Aged Tenderloin Aaa,4424,Rupiah,21
816675953-5,Nori Sea Weed - Gold Label,2481,Krona,71
416682527-5,Tea - Honey Green Tea,2235,Rupee,35
241092344-5,Evaporated Milk - Skim,4086,Euro,91
713656355-0,Beef - Texas Style Burger,1213,Rupee,77
451910289-8,Tequila Rose Cream Liquor,2898,Ruble,92
485875922-9,Sprouts - Pea,3490,Ruble,13
372518431-3,Thyme - Dried,3819,Real,92
558169959-3,Eggplant - Regular,3134,Peso,27
484317420-3,Icecream - Dstk Super Cone,2158,Euro,60
182664414-8,Island Oasis - Mango Daiquiri,3210,Metical,98
251152555-0,Apple - Northern Spy,3824,Yuan Renminbi,100
322721751-1,Broom Handle,1559,Peso,12
552111422-X,Butter - Pod,3943,Euro,93
850432565-2,Lemon Balm - Fresh,3507,Euro,77
745507296-1,Mustard - Pommery,1913,Peso,37
862666920-8,Beef - Ox Tongue,1568,Afghani,38
236333905-3,Cheese - Brie,1572,Euro,49
173100376-5,Lid - Translucent 3.5 And 6 Oz,1312,Yuan Renminbi,6
494102834-1,Pork - Bones,1990,Euro,32
835604766-8,Beans - French,4271,Franc,90
818096992-4,Neckerchief Blck,1888,Yuan Renminbi,15
313961453-5,Breadfruit,1690,Dollar,53
853605197-3,Swordfish Loin Portions,4357,Quetzal,59
359215631-4,Salt And Pepper Mix - Black,4869,Yuan Renminbi,39
796818165-8,Clam Nectar,1680,Shekel,39
795149560-3,Tea - Jasmin Green,4389,Zloty,85
526533450-5,Wine - Tribal Sauvignon,1329,Ruble,17
183531352-3,Steampan - Half Size Shallow,1476,Ruble,7
648696319-0,Chocolate Bar - Oh Henry,2775,Dollar,6
311477733-3,Coffee Cup 12oz 5342cd,1938,Rupiah,29
761529973-X,Wine - Red Black Opal Shiraz,3462,Rupee,15
018493922-4,Cake - Night And Day Choclate,4833,Yuan Renminbi,17
321345230-0,Rum - Cream Amarula,1744,Krona,87
815900988-7,Pork - Tenderloin Frozen,2809,Euro,90
073726447-0,Tomato - Green,4653,Yuan Renminbi,3
147683483-0,Canada Dry,4714,Yuan Renminbi,59
012683155-6,Beef - Inside Round,2373,Dinar,54
998801957-2,Wine - Valpolicella Masi,3001,Dollar,3
052030619-8,Cheese - Sheep Milk,4231,Euro,79
069764637-8,Irish Cream - Baileys,1599,Yuan Renminbi,89
656817022-4,Shrimp - Black Tiger 8 - 12,4417,Peso,31
581974420-9,Sugar Thermometer,3169,Rupiah,73
069750882-X,Dc Hikiage Hira Huba,2311,Krona,41
386417307-8,Wine - Baron De Rothschild,3946,Yuan Renminbi,33
661271240-6,Raisin - Dark,1997,Rupiah,3
163742492-2,Dikon,2224,Som,94
404196020-7,Pork Loin Cutlets,1132,Real,54
957812266-7,Beef - Rib Roast Capless,2439,Yuan Renminbi,54
208604263-9,Juice - Grapefruit 341 Ml,1499,Real,91
618979039-9,Cake - Mini Cheesecake,3058,Rupiah,7
276752442-1,Wine - Red Colio Cabernet,2269,Yuan Renminbi,44
707980243-1,Shark - Loin,4080,Rial,32
787931218-8,Truffle - Whole Black Peeled,1880,Kuna,41
974696269-8,Fudge - Cream Fudge,2978,Rupiah,22
419075402-1,Appetizer - Smoked Salmon / Dill,4617,Dram,92
137852915-4,Mushroom - Trumpet Dry,4940,Rupiah,50
367131913-5,Wine - Prem Select Charddonany,4150,Euro,16
800719522-X,Beef Tenderloin Aaa,2545,Tugrik,59
657365995-3,Sauce - Marinara,2870,Euro,37
372759911-1,Veal - Tenderloin Untrimmed,4471,Zloty,21
008417796-9,Wasabi Paste,1039,Peso,63
447599767-4,Raisin - Dark,2308,Dollar,74
746721099-X,Bread - Roll Calabrese,4442,Dollar,100
